/main/*   /v6/:splat 301
/master/* /v6/:splat 301

/en/latest/*            /v3/:splat 301
/en/v3/*                /v3/:splat 301

/v6/identifiers.html    /api/v6/identifiers.html 301
/v6/class/*             /api/v6/class/:splat 301
/v6/variable/*          /api/v6/variable/:splat 301

/v6 /docs/v6/intro 301
/v6/manual/getting-started.html                 /docs/v6/getting-started/ 301
/v6/manual/advanced-many-to-many.html           /docs/v6/advanced-association-concepts/advanced-many-to-many/ 301
/v6/manual/association-scopes.html              /docs/v6/advanced-association-concepts/association-scopes/ 301
/v6/manual/creating-with-associations.html      /docs/v6/advanced-association-concepts/creating-with-associations/ 301
/v6/manual/eager-loading.html                   /docs/v6/advanced-association-concepts/eager-loading/ 301
/v6/manual/polymorphic-associations.html        /docs/v6/advanced-association-concepts/polymorphic-associations/ 301
/v6/manual/assocs.html                          /docs/v6/core-concepts/assocs/ 301
/v6/manual/getters-setters-virtuals.html        /docs/v6/core-concepts/getters-setters-virtuals/ 301
/v6/manual/model-basics.html                    /docs/v6/core-concepts/model-basics/ 301
/v6/manual/model-instances.html                 /docs/v6/core-concepts/model-instances/ 301
/v6/manual/model-querying-basics.html           /docs/v6/core-concepts/model-querying-basics/ 301
/v6/manual/model-querying-finders.html          /docs/v6/core-concepts/model-querying-finders/ 301
/v6/manual/paranoid.html                        /docs/v6/core-concepts/paranoid/ 301
/v6/manual/raw-queries.html                     /docs/v6/core-concepts/raw-queries/ 301
/v6/manual/validations-and-constraints.html     /docs/v6/core-concepts/validations-and-constraints/ 301
/v6/manual/associations.html                    /docs/v6/moved/associations/ 301
/v6/manual/data-types.html                      /docs/v6/moved/data-types/ 301
/v6/manual/models-definition.html               /docs/v6/moved/models-definition/ 301
/v6/manual/models-usage.html                    /docs/v6/moved/models-usage/ 301
/v6/manual/querying.html                        /docs/v6/moved/querying/ 301
/v6/manual/aws-lambda.html                      /docs/v6/other-topics/aws-lambda/ 301
/v6/manual/connection-pool.html                 /docs/v6/other-topics/connection-pool/ 301
/v6/manual/constraints-and-circularities.html   /docs/v6/other-topics/constraints-and-circularities/ 301
/v6/manual/dialect-specific-things.html         /docs/v6/other-topics/dialect-specific-things/ 301
/v6/manual/extending-data-types.html            /docs/v6/other-topics/extending-data-types/ 301
/v6/manual/hooks.html                           /docs/v6/other-topics/hooks/ 301
/v6/manual/indexes.html                         /docs/v6/other-topics/indexes/ 301
/v6/manual/legacy.html                          /docs/v6/other-topics/legacy/ 301
/v6/manual/legal.html                           /docs/v6/other-topics/legal/ 301
/v6/manual/migrations.html                      /docs/v6/other-topics/migrations/ 301
/v6/manual/naming-strategies.html               /docs/v6/other-topics/naming-strategies/ 301
/v6/manual/optimistic-locking.html              /docs/v6/other-topics/optimistic-locking/ 301
/v6/manual/other-data-types.html                /docs/v6/other-topics/other-data-types/ 301
/v6/manual/query-interface.html                 /docs/v6/other-topics/query-interface/ 301
/v6/manual/read-replication.html                /docs/v6/other-topics/read-replication/ 301
/v6/manual/resources.html                       /docs/v6/other-topics/resources/ 301
/v6/manual/scopes.html                          /docs/v6/other-topics/scopes/ 301
/v6/manual/sub-queries.html                     /docs/v6/other-topics/sub-queries/ 301
/v6/manual/transactions.html                    /docs/v6/other-topics/transactions/ 301
/v6/manual/typescript.html                      /docs/v6/other-topics/typescript/ 301
/v6/manual/upgrade-to-v6.html                   /docs/v6/other-topics/upgrade-to-v6/ 301

/docs/v7/intro /docs/v7/ 301
/docs/v6/intro /docs/v6/ 301
/v7 /docs/v7/ 301

/docs/v7/other-topics/upgrade-to-v6/ /docs/v6/other-topics/upgrade/ 301
/docs/v6/other-topics/upgrade-to-v6/ /docs/v6/other-topics/upgrade/ 301
/docs/v7/other-topics/upgrade-to-v7/ /docs/v7/other-topics/upgrade/ 301
